{
  "session": {
    "sessionId": "SessionId.12345",
    "application": {
      "applicationId": "amzn1.ask.skill.12345"
    },
    "attributes": {},
    "user": {
      "userId": "amzn1.ask.account.12345"
    },
    "new": true
  },
  "request": {
    "type": "IntentRequest",
    "requestId": "EdwRequestId.12345",
    "locale": "en-US",
    "timestamp": "2017-06-17T10:37:13Z",
    "intent": {
      "name": "Assist",
      "slots": {
        "query": {
          "name": "query",
          "value": "hello"
        }
      }
    }
  },
  "version": "1.0"
}
